"URL","Last crawled"
"https://www.helptrickbd.com/2025/12/dakhil26-aqaid-fiqh-test-exam-suggestion-solution.html?m=1&hl=en","2026-09-11"
"https://www.helptrickbd.com/2025/12/dakhil26-quran-majid-final-suggestion-test-exam-preparation.html?m=1&hl=en","2026-08-27"
"https://www.helptrickbd.com/2025/12/dakhil26-islamic-history-test-exam-suggestion.html","2026-08-20"
"https://www.helptrickbd.com/2025/12/dakhil26-islamic-history-test-exam-suggestion.html?m=1","2026-08-14"
"https://www.helptrickbd.com/2024/09/class-7-math-annual-exam-guide-pdf-2024.html","2026-08-10"
"https://www.helptrickbd.com/2024/10/class-8-islamic-studies-annual-exam-guide-pdf-2024.html","2026-08-10"
"https://www.helptrickbd.com/default","2026-08-09"
"https://www.helptrickbd.com/2024/11/class-5-math-guide-2024.html","2026-08-09"
"https://www.helptrickbd.com/2025/01/class-9-new-text-book-2025-pdf.html","2026-08-09"
"https://www.helptrickbd.com/2024/10/class-9-annual-exam-2024-final-preparation-guide-book-pdf.html","2026-08-09"
"https://www.helptrickbd.com/2025/01/class-9-10-bangla-1st-2nd-paper-guide-2025-pdf.html","2026-08-08"
"https://www.helptrickbd.com/2024/12/class-8-math-panjeree-guide-2024-for-final-preparation.html","2026-08-07"
"https://www.helptrickbd.com/2025/01/class-9-10-islamic-studies-guide-pdf-2025.html","2026-08-07"
"https://www.helptrickbd.com/2024/09/class-8-bangla-annual-exam-guide-pdf-2024.html","2026-08-07"
"https://www.helptrickbd.com/2025/01/class-9-10-math-guide-2025.html","2026-08-07"
"https://www.helptrickbd.com/2025/01/class-9-10-english-1st-2nd-paper-guide-2025.html","2026-08-07"
"https://www.helptrickbd.com/2024/09/class-7-islamic-studies-annual-exam-guide-pdf-2024.html","2026-07-29"
"https://www.helptrickbd.com/2024/09/class-8-english-annual-exam-guide-pdf-2024.html","2026-07-27"
"https://www.helptrickbd.com/2025/01/nctb-dakhil-class-9-10-textbook-2025-pdf.html","2026-07-27"
"https://www.helptrickbd.com/2025/04/class-6-math-guide-2025-pdf.html","2026-07-26"
"https://www.helptrickbd.com/2024/10/class-9-digital-technology-annual-exam-guide-pdf.html","2026-07-26"
"https://www.helptrickbd.com/2024/09/blog-post_284.html","2026-07-26"
"https://www.helptrickbd.com/2024/09/class-8-science-annual-exam-guide-pdf-2024.html","2026-07-25"
"https://www.helptrickbd.com/2025/01/class-2-new-text-book-2025.html","2026-07-23"
"https://www.helptrickbd.com/2025/03/class-8-agriculture-2025-guide-pdf.html","2026-07-21"
"https://www.helptrickbd.com/2024/10/class-6-annual-exam-2024-final-preparation-guide.html","2026-07-21"
"https://www.helptrickbd.com/2024/09/blog-post_759.html","2026-07-20"
"https://www.helptrickbd.com/2024/09/class-8-digital-technology-annual-exam-guide-pdf-2024.html","2026-07-19"
"https://www.helptrickbd.com/2023/01/What-is-the-land-tenure-system.html","2026-07-19"
"https://www.helptrickbd.com/2025/04/class-6-english-2nd-paper-guide-book-2025-pdf.html","2026-07-18"
"https://www.helptrickbd.com/2024/10/class-9-history-and-social-science-annual-exam-guide-pdf.html","2026-07-12"
"https://www.helptrickbd.com/2024/10/class-9-hinduism-studies-annual-exam-guide-pdf.html","2026-07-12"
"https://www.helptrickbd.com/2025/01/ssc-exam-2026-short-syllabus-pdf.html","2026-07-11"
"https://www.helptrickbd.com/2023/01/Politics-indeveloping-countries-controls-the-economy.html","2026-07-09"
"https://www.helptrickbd.com/2025/03/megamenu/recent","2026-07-08"
"https://www.helptrickbd.com/2025/01/class-9-10-chemistry-guide-2025-pdf.html","2026-07-08"
"https://www.helptrickbd.com/2025/01/class-1-new-text-book-2025.html","2026-07-05"
"https://www.helptrickbd.com/2024/10/class-8-annual-exam-2024-final-preparation-guide-book-pdf.html","2026-07-05"
"https://www.helptrickbd.com/2024/09/class-8-history-and-social-science-annual-exam-guide-pdf-2024.html","2026-07-04"
"https://www.helptrickbd.com/2024/09/class-7-english-annual-exam-guide-pdf-2024.html","2026-06-26"
"https://www.helptrickbd.com/2024/10/class-9-math-annual-exam-guide-pdf.html","2026-06-23"
"https://www.helptrickbd.com/2024/10/class-9-english-annual-exam-guide-pdf.html","2026-06-21"
"https://www.helptrickbd.com/2024/12/class-9-history-and-social-science-panjeree-guide-for-annual-exam-2024.html","2026-06-20"
"https://www.helptrickbd.com/2025/01/class-6-new-text-book-2025-pdf.html","2026-06-20"
"https://www.helptrickbd.com/2024/09/class-7-annual-exam-guide-book-2024-pdf.html","2026-06-20"
"https://www.helptrickbd.com/2024/12/class-7-math-panjeree-guide-2024-for-final-preparation.html","2026-06-19"
"https://www.helptrickbd.com/2025/01/class-3-new-text-book-2025.html","2026-06-19"
"https://www.helptrickbd.com/2024/09/class-7-history-and-digital-technology-annual-exam-guide-pdf-2024.html","2026-06-19"
"https://www.helptrickbd.com/2025/01/class-8-agriculture-guide-2025-pdf.html","2026-06-19"
"https://www.helptrickbd.com/2024/10/class-9-bangla-annual-exam-guide-pdf.html","2026-06-19"
"https://www.helptrickbd.com/2024/09/class-7-arts-and-culture-annual-exam-guide-pdf-2024.html","2026-06-19"
"https://www.helptrickbd.com/2025/01/class-9-10-math-guide-2025.html?m=1","2026-06-19"
"https://www.helptrickbd.com/2024/12/class-9-math-panjeree-guide-2024-for-final-preparation.html","2026-06-18"
"https://www.helptrickbd.com/2025/03/class-8-physical-education-2025-guide.html","2026-06-18"
"https://www.helptrickbd.com/2024/09/class-7-history-and-social-science-annual-exam-guide-pdf-2024.html","2026-06-18"
"https://www.helptrickbd.com/2025/01/class-7-new-text-book-2025-pdf.html","2026-06-17"
"https://www.helptrickbd.com/2024/10/class-7-annual-exam-2024-final-preparation-guide-book-pdf.html","2026-06-15"
"https://www.helptrickbd.com/2025/01/class-7-new-text-book-2025-pdf.html?m=1","2026-06-13"
"https://www.helptrickbd.com/2025/01/nctb-dakhil-class-6-textbook-2025-pdf.html","2026-06-12"
"https://www.helptrickbd.com/2024/11/class-9-islamic-studies-annual-exam-guide-pdf.html","2026-06-08"
"https://www.helptrickbd.com/2025/01/nctb-ibtedayi-class-1-textbook-2025-pdf.html","2026-06-04"
"https://www.helptrickbd.com/2024/01/class-","2026-06-03"
"https://www.helptrickbd.com/maxresdefault","2026-05-31"
"https://www.helptrickbd.com/2025/02/megamenu/recent","2026-05-31"
"https://www.helptrickbd.com/blogger_img_proxy","2026-05-30"
"https://www.helptrickbd.com/2024/09/class-6-annual-summative-assessment-2024.html","2026-05-30"
"https://www.helptrickbd.com/w72-h72-p-k-no-nu","2026-05-30"
"https://www.helptrickbd.com/>","2026-05-29"
"https://www.helptrickbd.com/2026/01/megamenu/recent","2026-05-29"
"https://www.helptrickbd.com/2024/10/class-8-art-and-culture-annual-exam-final-guide-2024.html","2026-05-29"
"https://www.helptrickbd.com/w55-h55-p-k-no-nu","2026-05-29"
"https://www.helptrickbd.com/2025/01/megamenu/recent","2026-05-29"
"https://www.helptrickbd.com/w72-h","2026-05-28"
"https://www.helptrickbd.com/2024/11/class-9-arts-and-culture-annual-exam-guide-pdf.html","2026-05-18"
"https://www.helptrickbd.com/2025/04/class-6-english-1st-paper-guide-book-2025-pdf.html","2026-05-18"
"https://www.helptrickbd.com/2024/10/class-9-science-annual-exam-guide-pdf-2024.html","2026-05-17"
"https://www.helptrickbd.com/2024/10/class-9-health-protection-annual-exam-guide-pdf.html","2026-05-16"
"https://www.helptrickbd.com/2025/04/megamenu/recent","2026-05-15"
"https://www.helptrickbd.com/2025/01/nctb-dakhil-class-6-textbook-2025-pdf.html?m=1","2026-05-12"
"https://www.helptrickbd.com/2023/02/Class-7-Science-chapter-1.html","2026-04-25"
"https://www.helptrickbd.com/2023/05/Class-4-Half-Yearly-Exam-Suggestions-2023-pdf.html","2026-04-07"
"https://www.helptrickbd.com/2024/10/class-9-jibon-o-jibika-annual-exam-guide-pdf.html","2026-04-06"
"https://www.helptrickbd.com/2024/09/class-7-jibon-o-jibika--annual-exam-guide-pdf-2024.html","2026-04-05"
"http://www.helptrickbd.com/2022/09/Correct-rules-for-ablution.html?m=1","2026-04-03"
"http://www.helptrickbd.com/2023/03/class-6-and-7-new-curriculum-implementation-notice.html?hl","2026-04-03"
"https://www.helptrickbd.com/2024/09/class-7-health-protection--annual-exam-guide-pdf-2024.html","2026-04-03"
"https://www.helptrickbd.com/2023/10/Class-7-annual-summative-assessment-routine-2023.html?hl=ar&m=1","2026-04-02"
"https://www.helptrickbd.com/2024/10/class-8-health-protection-annual-exam-guide-pdf-2024.html","2026-03-29"
"https://www.helptrickbd.com/2024/09/class-8-jibon-o-jibika-annual-exam-guide-pdf-2024.html","2026-03-29"
"https://www.helptrickbd.com/2024/09/class-8-art-and-culture-annual-exam-guide-pdf-2024.html","2026-03-29"
"https://www.helptrickbd.com/2022/12/What-is-the-caliphate-movement.html","2026-03-27"
"https://www.helptrickbd.com/s220","2026-03-27"
"https://www.helptrickbd.com/2024/10/class-7-english-annual-exam-sample-question-1.html?m=1","2026-03-24"
"https://www.helptrickbd.com/p/svg-resources.html?m=1","2026-03-23"
"https://www.helptrickbd.com/2022/11/paragraph-importance-of-reading.html?hl=ar","2026-03-23"
"http://www.helptrickbd.com/2022/10/cloze-test-without-clues-for-jsc-ssc.html?m=1","2026-03-23"
"https://www.helptrickbd.com/2024/02/articles-of-constitution-of-bangladesh.html?m=1","2026-03-22"
"https://www.helptrickbd.com/2023/12/top-10-tips-for-healthy-winter-skin.html?m=1","2026-03-22"
"https://www.helptrickbd.com/2023/12/top-10-tips-for-healthy-winter-skin.html?hl=ar&m=1","2026-03-22"
"http://www.helptrickbd.com/2022/09/Tree-Plantation.html?m=1","2026-03-22"
"https://www.helptrickbd.com/2024/01/class-6-science-investigative-study-guide.html?hl=ar&m=1","2026-03-22"
"https://www.helptrickbd.com/2023/06/Class-7-Digital-Technology-Ga-Doler-Kaj-Solution.html?hl=ar","2026-03-21"
"https://www.helptrickbd.com/2023/11/how-to-make-victory-day-greeting-cards.html?hl=ar&m=1","2026-03-21"
"http://www.helptrickbd.com/2023/02/Class-seven-History-and-social-science-Exercise-book-pdf.html","2026-03-21"
"https://www.helptrickbd.com/2024/01/jahangirnagar-university-admission-2024.html?m=1","2026-03-20"
"https://www.helptrickbd.com/2023/10/how-to-deliver-presentations.html?m=1","2026-03-20"
"https://www.helptrickbd.com/2022/12/kishor-golpo-akkel-selami.html?m=1","2026-03-20"
"https://www.helptrickbd.com/2023/11/cyber-sequrity-helpdesk.html?hl=ar","2026-03-20"
"https://www.helptrickbd.com/2024/01/national-assembly-election-result-2024.html?hl=ar","2026-03-20"
"http://www.helptrickbd.com/2023/01/current-affairs-2023-pdf-download.html?m=1","2026-03-19"
"https://www.helptrickbd.com/2024/01/jahangirnagar-university-admission-2024.html?hl","2026-03-19"