Date,Total crawl requests,Total download size (Bytes),Average response time (ms)
2026-06-25,76,1658330,77
2026-06-26,54,1092395,70
2026-06-27,54,1068849,70
2026-06-28,55,896632,71
2026-06-29,53,923529,157
2026-06-30,10,137802,62
2026-07-01,34,701824,81
2026-07-02,59,1288997,75
2026-07-03,42,901836,70
2026-07-04,73,1851281,85
2026-07-05,32,684063,74
2026-07-06,48,990671,66
2026-07-07,32,640800,91
2026-07-08,34,364813,11811
2026-07-09,38,536909,1396
2026-07-10,47,848221,70
2026-07-11,50,914456,84
2026-07-12,70,1439282,79
2026-07-13,42,681585,67
2026-07-14,42,1042926,78
2026-07-15,47,834986,73
2026-07-16,42,896349,100
2026-07-17,41,752249,86
2026-07-18,49,1159867,72
2026-07-19,42,867511,52
2026-07-20,47,855402,84
2026-07-21,32,575768,70
2026-07-22,32,634360,77
2026-07-23,47,864558,125
2026-07-24,38,622116,123
2026-07-25,45,943387,104
2026-07-26,99,2028366,138
2026-07-27,33,798990,226
2026-07-28,21,479691,116
2026-07-29,14,240628,97
2026-07-30,33,627483,138
2026-07-31,33,628607,139
2026-08-01,57,1051528,84
2026-08-02,23,385944,93
2026-08-03,11,151193,98
2026-08-04,11,253569,194
2026-08-05,23,688373,167
2026-08-06,57,1101759,119
2026-08-07,50,888505,121
2026-08-08,46,993474,145
2026-08-09,78,1504084,125
2026-08-10,20,441312,116
2026-08-11,25,431627,122
2026-08-12,8,106526,91
2026-08-13,20,372170,110
2026-08-14,56,1359663,152
2026-08-15,40,734255,166
2026-08-16,23,490129,172
2026-08-17,18,371333,128
2026-08-18,33,597935,149
2026-08-19,25,409215,119
2026-08-20,24,312374,112
2026-08-21,42,667808,127
2026-08-22,34,718660,110
2026-08-23,60,1042888,160
2026-08-24,19,357422,91
2026-08-25,27,611576,158
2026-08-26,21,455506,137
2026-08-27,20,318244,152
2026-08-28,19,313936,178
2026-08-29,14,147718,77
2026-08-30,12,205932,112
2026-08-31,8,52146,57
2026-09-01,7,3882,36
2026-09-02,8,95393,66
2026-09-03,36,825835,132
2026-09-04,9,58278,92
2026-09-05,18,510535,125
2026-09-06,17,327367,119
2026-09-07,12,151302,90
2026-09-08,28,466333,121
2026-09-09,58,970189,173
2026-09-10,21,474769,166
2026-09-11,13,289113,180
2026-09-12,31,695873,150
2026-09-13,24,569278,184
2026-09-14,19,391959,140
2026-09-15,6,57186,243
2026-09-16,10,1857,11
2026-09-17,10,64497,39
2026-09-18,21,53738,24
2026-09-19,16,51495,25
2026-09-20,17,59573,22
2026-09-21,23,214403,64