URL,Last crawled
https://www.helptrickbd.com/2025/12/government-political-parties-bangladesh-analysis.html?m=1,2026-09-11
https://www.helptrickbd.com/search/label/মিলাদ শরীফ?m=1&hl=en,2026-09-11
https://www.helptrickbd.com/search/label/Class 6 Guide & Notes?m=1,2026-09-10
https://www.helptrickbd.com/2026/01/nari-andolon-ostitto-rokhar-lorai.html,2026-08-21
https://www.helptrickbd.com/2024/12/simple-guide-to-job-and-bcs-preparation.html,2026-08-15
https://www.helptrickbd.com/2024/12/simple-guide-to-job-and-bcs-preparation.html?m=1,2026-08-15
https://www.helptrickbd.com/feeds/posts/default?alt=json&max-results,2026-08-02
https://www.helptrickbd.com/2026/01/protibesh-ki-poribesh-o-protibesher-somporko.html,2026-07-23
https://www.helptrickbd.com/2025/12/vladimir-lenin-biography-theory-marxism-comparison.html,2026-07-06
https://www.helptrickbd.com/2025/12/vladimir-lenin-biography-theory-marxism-comparison.html?m=1,2026-07-06
https://www.helptrickbd.com/search/label/পরীক্ষার সাজেশন ও নোট?m=1,2026-07-06
https://www.helptrickbd.com/2025/12/dakhil26-hadith-sharif-suggestion-final-preparation.html?m=1&hl=en,2026-07-02
https://www.helptrickbd.com/search/label/Dakhil Textbooks,2026-06-17
https://www.helptrickbd.com/search/label/Honours 4th year?m=1,2026-06-07
https://www.helptrickbd.com/2025/12/dakhil26-aqaid-fiqh-test-exam-suggestion-solution.html?m=1,2026-06-06
https://www.helptrickbd.com/2025/12/Politics-indeveloping-countries-controls-the-economy.html,2026-06-05
https://www.helptrickbd.com/p/cookie-policy.html?m=1,2026-06-02
https://www.helptrickbd.com/2026/01/role-of-ngos-in-womens-empowerment-benefits.html?m=1,2026-06-01
https://www.helptrickbd.com/search/label/Job Study Article?m=1,2026-05-31
https://www.helptrickbd.com/2025/12/morley-minto-reforms-1909-features-importance.html,2026-05-31
https://www.helptrickbd.com/2025/12/morley-minto-reforms-1909-features-importance.html?m=1,2026-05-31
https://www.helptrickbd.com/2025/12/peer-bangal-2025-visit-bangladesh-one-journey-many-inspirations.html,2026-05-30
https://www.helptrickbd.com/feeds/posts/default,2026-05-29
https://www.helptrickbd.com/2025/12/sustainable-development-goals-bd.html,2026-05-29
https://www.helptrickbd.com/2025/12/sustainable-development-goals-bd.html?m=1,2026-05-29
https://www.helptrickbd.com/2026/01/importance-of-reserved-seats-for-women-in-national-parliament.html,2026-05-29
https://www.helptrickbd.com/2026/01/importance-of-reserved-seats-for-women-in-national-parliament.html?m=1,2026-05-29
https://www.helptrickbd.com/2025/12/bangladesh-inflation-causes-nature-prevention.html,2026-05-29
https://www.helptrickbd.com/feeds/709822711957352889/comments/default,2026-05-28
https://www.helptrickbd.com/2025/12/what-is-budget-importance-role-economy.html,2026-05-28
https://www.helptrickbd.com/2025/12/what-is-budget-importance-role-economy.html?m=1,2026-05-28
https://www.helptrickbd.com/2025/12/contribution-raja-rammohan-roy-social-reform.html,2026-05-27
https://www.helptrickbd.com/2025/12/contribution-raja-rammohan-roy-social-reform.html?m=1,2026-05-27
https://www.helptrickbd.com/2025/12/reasons-for-failure-of-khilafat-movement.html,2026-05-27
https://www.helptrickbd.com/2025/12/economy-of-bangladesh.html,2026-05-27
https://www.helptrickbd.com/search/label/Masters?m=1,2026-05-27
https://www.helptrickbd.com/search/label/ডিজিটাল নাগরিক সেবা,2026-05-26
https://www.helptrickbd.com/search/label/ডিজিটাল নাগরিক সেবা?m=1,2026-05-26
https://www.helptrickbd.com/2025/12/quran-memorization-preservation-importance-full-guide.html,2026-05-18
https://www.helptrickbd.com/p/menu-generator.html,2026-05-17
https://www.helptrickbd.com/2025/12/bangladesh-livestock-resources-research-institutes.html?m=1,2026-05-16
https://www.helptrickbd.com/2025/03/ya-nabi-salaam-alaika-ya-rasul-salaam-alaika-lyrics.html?m=1,2026-05-15
https://www.helptrickbd.com/2026/01/gramin-o-shohorer-songskritir-parthokko.html?m=1,2026-05-12
https://www.helptrickbd.com/2025/12/what-is-remittance-importance-economy-obstacles.html,2026-05-07
https://www.helptrickbd.com/2025/12/what-is-remittance-importance-economy-obstacles.html?m=1,2026-05-07
https://www.helptrickbd.com/2026/01/sarbobhoumotto-ki-songga-boishisto-o-prokarved.html?m=1,2026-05-04
https://www.helptrickbd.com/2025/12/kalame-ala-hazrat-aqeedah-poetry-full-analysis.html?m=1,2026-04-26
https://www.helptrickbd.com/search/label/Notice?hl=en&m=1,2026-04-24
https://www.helptrickbd.com/2025/12/100-important-economics-short-questions-answers.html,2026-04-22
https://www.helptrickbd.com/2025/12/100-important-economics-short-questions-answers.html?m=1,2026-04-22
https://www.helptrickbd.com/2025/12/bangladesh-forest-resources.html,2026-04-18
https://www.helptrickbd.com/2025/12/bangladesh-agriculture-institutes-resources-complete.html,2026-04-17
https://www.helptrickbd.com/2025/04/political-science-masters-exam-2022-all-short-questions-and-answers.html?m=1,2026-04-16
https://www.helptrickbd.com/2025/12/imame-azam-abu-hanifa-imam-bukhari-biography-comparison.html,2026-04-16
https://www.helptrickbd.com/2025/12/imame-azam-abu-hanifa-imam-bukhari-biography-comparison.html?m=1,2026-04-16
https://www.helptrickbd.com/search/label/Application?hl=en&m=1,2026-04-11
https://www.helptrickbd.com/search/label/Completing Story?hl=ar,2026-04-06
https://www.helptrickbd.com/search/label/Completing Story?hl=ar&m=1,2026-04-06
https://www.helptrickbd.com/2025/12/definition-of-state-elements-and-objectives.html,2026-04-03
https://www.helptrickbd.com/2025/03/how-to-correction-certificate-name-2025.html?hl=ar&m=1,2026-03-29
https://www.helptrickbd.com/2025/03/how-to-correction-certificate-name-2025.html?hl=ar,2026-03-28
https://www.helptrickbd.com/2025/12/ahle-bait-love-importance-quran-hadith.html,2026-03-28
https://www.helptrickbd.com/search/label/E-book?m=1&hl=en,2026-03-25
https://www.helptrickbd.com/feeds/comments/default?alt=json&max-results,2026-03-24
https://www.helptrickbd.com/search/label/HSC?hl=en&m=1,2026-03-24
https://www.helptrickbd.com/?hl&m=1,2026-03-23
https://www.helptrickbd.com/?hl,2026-03-23
https://www.helptrickbd.com/search/label/ইংরেজি-৭ম-শ্রেণি?m=1,2026-03-22
http://www.helptrickbd.com/search/label/বিজ্ঞান-অনুশীলন-বই-৭ম-শ্রেণি?m=1,2026-03-21
https://www.helptrickbd.com/search/label/বিজ্ঞান-অনুশীলন-বই-৭ম-শ্রেণি?m=1,2026-03-21
https://www.helptrickbd.com/search/label/NCTB Text Book 2025,2026-03-20
https://www.helptrickbd.com/search/label/Onlie Exam?hl=ar&m=1,2026-03-19